{
    "R": [
        [
            0.751007,
            0.0393187,
            0.659122
        ],
        [
            0.339899,
            0.832786,
            -0.436961
        ],
        [
            -0.566089,
            0.552196,
            0.612064
        ]
    ],
    "t": [
        [
            15
        ],
        [
            200
        ],
        [
            10
        ]
    ]
}
